{"best_iou": 0.006097962614148855, "best_iou_epoch": 1, "best_dice": 0.011937213130295277, "best_dice_epoch": 1, "best_precision": 0.006194760091602802, "best_precision_epoch": 1, "best_recall": 0.5938106775283813, "best_recall_epoch": 1, "_wandb": {"runtime": 18}, "test/loss": 0.8881527185440063, "test/iou": 0.006097962614148855, "test/dice": 0.011937213130295277, "test/precision": 0.006194760091602802, "test/recall": 0.5938106775283813, "test/f1": 0.011937213130295277, "epoch": 1, "_timestamp": 1720026045.065206, "_runtime": 18.711951971054077, "_step": 1}