{"_wandb": {"runtime": 23}, "test/loss": 0.9985063076019287, "test/iou": 0.0007859761244617403, "test/dice": 0.001569959451444447, "test/precision": 0.0007861165795475245, "test/recall": 0.865716814994812, "test/f1": 0.001569959451444447, "epoch": 1, "_timestamp": 1715699280.844118, "_runtime": 23.765703201293945, "_step": 1}