{"best_iou": 0.005759282503277063, "best_iou_epoch": 1, "best_dice": 0.011295699514448643, "best_dice_epoch": 1, "best_precision": 0.0058134570717811584, "best_precision_epoch": 1, "best_recall": 0.49000173807144165, "best_recall_epoch": 1, "_wandb": {"runtime": 17}, "test/loss": 0.8884131908416748, "test/iou": 0.005759282503277063, "test/dice": 0.011295699514448643, "test/precision": 0.0058134570717811584, "test/recall": 0.49000173807144165, "test/f1": 0.011295698583126068, "epoch": 1, "_timestamp": 1720026201.7560935, "_runtime": 17.932987451553345, "_step": 1}