epoch,train_loss,train_iou,train_dice,valid_loss,valid_iou,valid_dice
0,0.22350144,0.720942,0.82223606,0.13734064,0.7667781,0.8672996
1,0.09942519,0.8243441,0.903118,0.1103893,0.8034834,0.89071435
2,0.0847254,0.8466778,0.91641486,0.0992034,0.8209297,0.90132606
