epoch,train_loss,train_iou,train_dice,valid_loss,valid_iou,valid_dice
0,0.77378917,0.13988002,0.24451922,0.74831355,0.15680572,0.27082548
1,0.69407463,0.2153364,0.35310167,0.63680446,0.26450598,0.4174656
