{"best_iou": 0.0060501922853291035, "best_iou_epoch": 1, "best_dice": 0.01185350026935339, "best_dice_epoch": 1, "best_precision": 0.0062903473153710365, "best_precision_epoch": 1, "best_recall": 0.3426075577735901, "best_recall_epoch": 1}