{"best_iou": 0.006140375509858131, "best_iou_epoch": 1, "best_dice": 0.01200499851256609, "best_dice_epoch": 1, "best_precision": 0.00631165225058794, "best_precision_epoch": 1, "best_recall": 0.486350953578949, "best_recall_epoch": 1, "_wandb": {"runtime": 17}, "test/loss": 0.8880821466445923, "test/iou": 0.006140375509858131, "test/dice": 0.01200499851256609, "test/precision": 0.00631165225058794, "test/recall": 0.486350953578949, "test/f1": 0.01200499851256609, "epoch": 1, "_timestamp": 1720026238.2959557, "_runtime": 17.928807735443115, "_step": 1}